,mean,median,min,max
baseline_gated_sharpe,-31.93477205576228,-23.600376103327985,-102.06465521909793,0.0
tuned_gated_sharpe,14.708578261073905,8.21102272258395,0.0,42.76472918186918
delta_gated_sharpe,46.643350316836184,39.96300360879842,0.0,125.61508952466153
baseline_gated_pnl_net,-0.00030729133903396194,-0.0003902922417993722,-0.0005411520993559677,0.0
tuned_gated_pnl_net,0.0008780796439561907,0.0005193666581350851,-0.0017428962365213026,0.004971693071864892
delta_gated_pnl_net,0.0011853709829901524,0.0009162656620340512,-0.0014726920151752099,0.004971693071864892
baseline_gated_active_ratio,0.004745370370370369,0.004861111111111111,0.0,0.010416666666666666
tuned_gated_active_ratio,0.24542824074074074,0.24375000000000002,0.0,0.5048611111111111
