episode,matrix_path,baseline_gated_sharpe_full_raw,tuned_gated_sharpe_full_raw,delta_gated_sharpe_full_raw,baseline_gated_pnl_net,tuned_gated_pnl_net,delta_gated_pnl_net,baseline_gated_active_ratio,tuned_gated_active_ratio
march_vol_2024_binance,data/processed/episodes/march_vol_2024_binance/prices_matrix.csv,-0.021048040463943506,0.004241429807716515,0.025289470271660022,-0.0005411520993559677,0.0010135105001009244,0.0015546625994568922,0.005208333333333333,0.2111111111111111
yen_followthrough_2024_binance,data/processed/episodes/yen_followthrough_2024_binance/prices_matrix.csv,-0.010655315261331195,-0.0022327272408587517,0.008422588020472443,-0.00027020422134609273,-0.0006171413054201826,-0.0003469370840740899,0.0045138888888888885,0.4888888888888889
yen_unwind_2024_binance,data/processed/episodes/yen_unwind_2024_binance/prices_matrix.csv,-0.008407618325567188,0.016534292982782164,0.02494191130834935,-0.0005220114512490596,0.026292970556785516,0.026814982008034574,0.008333333333333333,0.6184027777777777
