episode,matrix_path,baseline_gated_sharpe_full_raw,tuned_gated_sharpe_full_raw,delta_gated_sharpe_full_raw,baseline_gated_pnl_net,tuned_gated_pnl_net,delta_gated_pnl_net,baseline_gated_active_ratio,tuned_gated_active_ratio
march_vol_2024_binance,data/processed/episodes/march_vol_2024_binance/prices_matrix.csv,0.0002016289592970636,-0.021730996621955705,-0.02193262558125277,1.2776932396030868e-05,-0.0033750032200805516,-0.0033877801524765825,0.011805555555555555,0.075
yen_followthrough_2024_binance,data/processed/episodes/yen_followthrough_2024_binance/prices_matrix.csv,-0.007756901992288934,0.0033608515957026268,0.011117753587991561,-0.0005106650800775542,0.00047366019733172755,0.0009843252774092816,0.021180555555555557,0.10659722222222222
yen_unwind_2024_binance,data/processed/episodes/yen_unwind_2024_binance/prices_matrix.csv,-0.0013942421495174737,0.0007281795973499847,0.0021224217468674583,-2.5555530965637257e-05,0.00012682272694650973,0.00015237825791214699,0.001736111111111111,0.109375
