episode,matrix_path,baseline_gated_sharpe,tuned_gated_sharpe,delta_gated_sharpe,baseline_gated_pnl_net,tuned_gated_pnl_net,delta_gated_pnl_net,baseline_gated_active_ratio,tuned_gated_active_ratio
bybit_usdc_depeg_2023,data/processed/episodes/bybit_usdc_depeg_2023/prices_matrix.csv,0.0,0.0,0.0,0.0,0.0,0.0,0.0,0.0
march_vol_2024_binance,data/processed/episodes/march_vol_2024_binance/prices_matrix.csv,-40.66965312261748,21.951045217318068,62.62069833993555,-0.0002740012977638258,0.000697413912278179,0.0009714152100420048,0.003472222222222222,0.10798611111111112
okx_usdc_depeg_2023,data/processed/episodes/okx_usdc_depeg_2023/prices_matrix.csv,0.0,55.664005769452196,55.664005769452196,0.0,0.0049087338440359195,0.0049087338440359195,0.0,0.035416666666666666
smoke_2024_08_05,data/processed/episodes/smoke_2024_08_05/prices_matrix.csv,-54.73802338282537,13.18862890317768,67.92665228600305,-0.0005897475620649346,0.0019296205240423212,0.002519368086107256,0.011805555555555555,0.5111111111111111
yen_followthrough_2024_binance,data/processed/episodes/yen_followthrough_2024_binance/prices_matrix.csv,0.0,5.860366789059661,5.860366789059661,0.0,-0.0018002151257526977,-0.0018002151257526977,0.0,0.26180555555555557
yen_unwind_2024_binance,data/processed/episodes/yen_unwind_2024_binance/prices_matrix.csv,-15.853918354599228,7.06379518698527,22.917713541584497,-0.0005220114512490596,0.000423305006519951,0.0009453164577690105,0.008333333333333333,0.5329861111111112
