,mean,median,min,max
baseline_gated_sharpe_full_raw,-0.013370324683613965,-0.010655315261331195,-0.021048040463943506,-0.008407618325567188
tuned_gated_sharpe_full_raw,0.006180998516546642,0.004241429807716515,-0.0022327272408587517,0.016534292982782164
delta_gated_sharpe_full_raw,0.019551323200160606,0.02494191130834935,0.008422588020472443,0.025289470271660022
baseline_gated_pnl_net,-0.00044445592398370667,-0.0005220114512490596,-0.0005411520993559677,-0.00027020422134609273
tuned_gated_pnl_net,0.008896446583822085,0.0010135105001009244,-0.0006171413054201826,0.026292970556785516
delta_gated_pnl_net,0.009340902507805792,0.0015546625994568922,-0.0003469370840740899,0.026814982008034574
baseline_gated_active_ratio,0.006018518518518518,0.005208333333333333,0.0045138888888888885,0.008333333333333333
tuned_gated_active_ratio,0.43946759259259255,0.4888888888888889,0.2111111111111111,0.6184027777777777
