episode,matrix_path,baseline_gated_sharpe,tuned_gated_sharpe,delta_gated_sharpe,baseline_gated_pnl_net,tuned_gated_pnl_net,delta_gated_pnl_net,baseline_gated_active_ratio,tuned_gated_active_ratio
bybit_usdc_depeg_2023,data/processed/episodes/bybit_usdc_depeg_2023/prices_matrix.csv,0.0,0.0,0.0,0.0,0.0,0.0,0.0,0.0
march_vol_2024_binance,data/processed/episodes/march_vol_2024_binance/prices_matrix.csv,-102.06465521909793,23.55043430556359,125.61508952466153,-0.0005411520993559677,0.0012395414178271633,0.001780693517183131,0.005208333333333333,0.15138888888888888
okx_usdc_depeg_2023,data/processed/episodes/okx_usdc_depeg_2023/prices_matrix.csv,0.0,42.76472918186918,42.76472918186918,0.0,0.004971693071864892,0.004971693071864892,0.0,0.044097222222222225
smoke_2024_08_05,data/processed/episodes/smoke_2024_08_05/prices_matrix.csv,-42.343224908819806,10.60760126149699,52.950826170316795,-0.0005103802622526516,0.0010387333162701702,0.0015491135785228218,0.010416666666666666,0.4361111111111111
yen_followthrough_2024_binance,data/processed/episodes/yen_followthrough_2024_binance/prices_matrix.csv,-31.34683385205674,5.81444418367091,37.16127803572765,-0.00027020422134609273,-0.0017428962365213026,-0.0014726920151752099,0.0045138888888888885,0.33611111111111114
yen_unwind_2024_binance,data/processed/episodes/yen_unwind_2024_binance/prices_matrix.csv,-15.853918354599228,5.514260633842759,21.368178988441986,-0.0005220114512490596,-0.000238593705703779,0.00028341774554528057,0.008333333333333333,0.5048611111111111
