,mean,median,min,max
baseline_gated_sharpe_full_raw,-0.0029831717275031148,-0.0013942421495174737,-0.007756901992288934,0.0002016289592970636
tuned_gated_sharpe_full_raw,-0.005880655142967698,0.0007281795973499847,-0.021730996621955705,0.0033608515957026268
delta_gated_sharpe_full_raw,-0.0028974834154645835,0.0021224217468674583,-0.02193262558125277,0.011117753587991561
baseline_gated_pnl_net,-0.00017448122621572019,-2.5555530965637257e-05,-0.0005106650800775542,1.2776932396030868e-05
tuned_gated_pnl_net,-0.0009248400986007713,0.00012682272694650973,-0.0033750032200805516,0.00047366019733172755
delta_gated_pnl_net,-0.0007503588723850514,0.00015237825791214699,-0.0033877801524765825,0.0009843252774092816
baseline_gated_active_ratio,0.011574074074074075,0.011805555555555555,0.001736111111111111,0.021180555555555557
tuned_gated_active_ratio,0.09699074074074072,0.10659722222222222,0.075,0.109375
