,mean,median,min,max
baseline_gated_sharpe,-84.06057139751601,-12.766979919677185,-239.41473427287085,0.0
tuned_gated_sharpe,18.063210563445086,12.040132578660002,9.02363603232526,33.12586307934999
delta_gated_sharpe,102.1237819609611,45.892842999027174,9.02363603232526,251.45486685153085
baseline_gated_pnl_net,-0.00046103015018480797,-0.00020979428245664305,-0.0011732961680977808,0.0
tuned_gated_pnl_net,0.00016460175662189264,0.0010086768543715202,-0.0017389124612099353,0.001224040876704093
delta_gated_pnl_net,0.0006256319068067006,0.001433835159160736,-0.0017389124612099353,0.002181973022469301
baseline_gated_active_ratio,0.0020833333333333333,0.001736111111111111,0.0,0.0045138888888888885
tuned_gated_active_ratio,0.2790509259259259,0.26840277777777777,0.10347222222222222,0.4652777777777778
