,mean,median,min,max
baseline_gated_sharpe_full_raw,-0.013370324683613965,-0.010655315261331195,-0.021048040463943506,-0.008407618325567188
tuned_gated_sharpe_full_raw,-0.0037068278334579092,-0.0032710098421766427,-0.008120448055727217,0.0002709743975301321
delta_gated_sharpe_full_raw,0.009663496850156052,0.010926289658861327,0.0051366084833905454,0.012927592408216289
baseline_gated_pnl_net,-0.00044445592398370667,-0.0005220114512490596,-0.0005411520993559677,-0.00027020422134609273
tuned_gated_pnl_net,-0.000634791069745834,-0.000791245672646654,-0.0011579153419128715,4.4787805322023656e-05
delta_gated_pnl_net,-0.0001903351457621273,-0.0002692342213975944,-0.0006167632425569038,0.0003149920266681164
baseline_gated_active_ratio,0.006018518518518518,0.005208333333333333,0.0045138888888888885,0.008333333333333333
tuned_gated_active_ratio,0.16643518518518519,0.1829861111111111,0.1111111111111111,0.20520833333333333
