,mean,median,min,max
baseline_gated_sharpe_full_raw,-0.014030527958605973,-0.010655315261331195,-0.021048040463943506,-0.010388228150543214
tuned_gated_sharpe_full_raw,-0.005478516716461031,-0.008120448055727217,-0.008586076491186008,0.0002709743975301321
delta_gated_sharpe_full_raw,0.00855201124214494,0.010926289658861327,0.001802151659357206,0.012927592408216289
baseline_gated_pnl_net,-0.0005015515324923607,-0.0005411520993559677,-0.0006932982767750217,-0.00027020422134609273
tuned_gated_pnl_net,-0.0011129191719283997,-0.0011579153419128715,-0.0022256299791943513,4.4787805322023656e-05
delta_gated_pnl_net,-0.000611367639436039,-0.0006167632425569038,-0.0015323317024193296,0.0003149920266681164
baseline_gated_active_ratio,0.007175925925925926,0.005208333333333333,0.0045138888888888885,0.011805555555555555
tuned_gated_active_ratio,0.17708333333333334,0.1829861111111111,0.1111111111111111,0.23715277777777777
