,mean,median,min,max
baseline_gated_sharpe,-18.543599143340348,-7.926959177299614,-54.73802338282537,0.0
tuned_gated_sharpe,17.287973644332148,10.126212045081475,0.0,55.664005769452196
delta_gated_sharpe,35.83157278767249,39.29085965551835,0.0,67.92665228600305
baseline_gated_pnl_net,-0.00023096005184630332,-0.0001370006488819129,-0.0005897475620649346,0.0
tuned_gated_pnl_net,0.001026476360187279,0.000560359459399065,-0.0018002151257526977,0.0049087338440359195
delta_gated_pnl_net,0.0012574364120335822,0.0009583658339055077,-0.0018002151257526977,0.0049087338440359195
baseline_gated_active_ratio,0.003935185185185185,0.001736111111111111,0.0,0.011805555555555555
tuned_gated_active_ratio,0.24155092592592595,0.18489583333333334,0.0,0.5329861111111112
