venue,market_type,n_root_episode_pairs,mean_delta_large_raw_bps,median_delta_large_raw_bps,mean_delta_large_excess_bps,median_delta_large_excess_bps,mean_delta_large_norm,median_delta_large_norm,n_indeterminate_norm,median_recovery_bars_usdc,median_recovery_bars_usdt,mean_unrecovered_ratio_usdc,mean_unrecovered_ratio_usdt
binance,derivatives,3,-0.9721220072379442,-0.9319785227134147,-0.5958776804889254,-0.5209731039406007,-0.03453546926726866,-0.047317834156545,2,4.0,4.5,0.0,0.0028735632183908046
bybit,spot,3,1.0221760942690257,0.7812906642044499,1.446458963779393,1.102216278328715,1.0253243164033392,0.050954202479951416,0,3.0,3.5,0.0,0.0005592841163310962
okx,derivatives,2,-3.3302161287928755,-3.3302161287928755,-1.619332462641713,-1.619332462641713,0.6997285023086297,0.6997285023086297,1,2.0,4.0,0.0,0.0
