episode,venue,market_type,root,impact_large_mean_bps_usdc,impact_large_mean_bps_usdt,impact_large_delta_usdc_minus_usdt_bps,impact_large_mean_excess_bps_usdc,impact_large_mean_excess_bps_usdt,impact_large_delta_excess_usdc_minus_usdt_bps,impact_large_mean_norm_usdc,impact_large_mean_norm_usdt,impact_large_delta_norm_usdc_minus_usdt,impact_all_mean_bps_usdc,impact_all_mean_bps_usdt,preferred_quote_on_large_norm
march_vol_2024_binance,binance,derivatives,BTC,11.32944680286321,12.235063375253633,-0.9056165723904233,5.191599405872228,5.712572509812829,-0.5209731039406007,2.141550001441991,2.142812359534469,-0.0012623580924779887,4.967223504646563,5.1499207472998725,indeterminate
yen_followthrough_2024_binance,binance,derivatives,BTC,11.46353629914708,12.395514821860495,-0.9319785227134147,4.747914606066344,5.179330860719361,-0.4314162546530165,1.8698764488122557,1.9249026643650387,-0.055026215552782975,6.988409049444912,7.0584660469376,USDC
yen_unwind_2024_binance,binance,derivatives,BTC,27.370990736259408,28.449761662869403,-1.0787709266099945,9.190228809005843,10.025472491879002,-0.8352436828731591,1.5578220035313604,1.6051398376879054,-0.047317834156545,12.538414069277888,12.844881197222909,indeterminate
