episode,venue,market_type,root,impact_large_mean_bps_usdc,impact_large_mean_bps_usdt,impact_large_delta_usdc_minus_usdt_bps,impact_large_mean_excess_bps_usdc,impact_large_mean_excess_bps_usdt,impact_large_delta_excess_usdc_minus_usdt_bps,impact_large_mean_norm_usdc,impact_large_mean_norm_usdt,impact_large_delta_norm_usdc_minus_usdt,impact_all_mean_bps_usdc,impact_all_mean_bps_usdt,preferred_quote_on_large_norm,dnl_large_mean_usdc,dnl_large_mean_usdt,dnl_large_delta_usdc_minus_usdt,queue_load_large_mean_usdc,queue_load_large_mean_usdt,queue_load_large_delta_usdc_minus_usdt,snapshot_match_ratio_usdc,snapshot_match_ratio_usdt,slippage_method_usdc,slippage_method_usdt
march_vol_2024_binance,binance,derivatives,BTC,0.14026786945305073,0.19907221483345755,-0.058804345380406825,-8.496980392777854e-20,-0.48102260744483855,0.48102260744483855,0.0014026786945305072,0.006800948222782961,-0.005398269528252454,0.025105816592417354,0.021186072931782485,indeterminate,0.0014026786945305072,0.006800948222782961,-0.005398269528252454,0.014997092281749188,1.170956902004076,-1.1559598097223267,0.9919082664016196,0.9900383682919062,orderbook_snapshot_bookwalk,orderbook_snapshot_bookwalk
yen_followthrough_2024_binance,binance,derivatives,BTC,0.08791158613622418,0.03612661151145484,0.051784974624769345,7.079159009494893e-20,-3.0030421897154205e-21,7.379463228466435e-20,0.000879115861362242,0.0003612661151145484,0.0005178497462476937,0.01529088685896559,0.005409493259705732,indeterminate,0.000879115861362242,0.0003612661151145484,0.0005178497462476937,0.01825064655283164,0.02477863498854968,-0.00652798843571804,0.999958053458888,0.9999755131878029,orderbook_snapshot_bookwalk,orderbook_snapshot_bookwalk
yen_unwind_2024_binance,binance,derivatives,BTC,0.11660267345275226,0.05246053796917145,0.0641421354835808,-1.112005956350988e-20,-3.8247571266492724e-21,-7.295302436860607e-21,0.0011660267345275227,0.0005246053796917146,0.0006414213548358081,0.02143386439397232,0.007963852021932099,indeterminate,0.0011660267345275227,0.0005246053796917146,0.0006414213548358081,0.029469670410911978,0.0385244800194302,-0.009054809608518222,0.999963122146157,0.9999793490571588,orderbook_snapshot_bookwalk,orderbook_snapshot_bookwalk
