episode,venue,market_type,root,impact_large_mean_bps_usdc,impact_large_mean_bps_usdt,impact_large_delta_usdc_minus_usdt_bps,impact_large_mean_excess_bps_usdc,impact_large_mean_excess_bps_usdt,impact_large_delta_excess_usdc_minus_usdt_bps,impact_large_mean_norm_usdc,impact_large_mean_norm_usdt,impact_large_delta_norm_usdc_minus_usdt,impact_all_mean_bps_usdc,impact_all_mean_bps_usdt,preferred_quote_on_large_norm
bybit_usdc_depeg_2023,bybit,spot,BTC,7.833879694013768,7.052589029809318,0.7812906642044499,4.314940695374712,4.4830335247012885,-0.16809282932657688,2.3426361749793445,2.6640737146177296,-0.32143753963838506,4.773017777286246,4.601014597703686,USDC
bybit_usdc_depeg_2023,bybit,spot,ETH,13.203402930604453,10.35914867484383,2.8442542557606227,6.312212630098707,5.209996351769992,1.102216278328715,2.0296773832257515,1.9787231807458001,0.050954202479951416,10.291343291512106,7.548126260084552,USDT
bybit_usdc_depeg_2023,bybit,spot,SOL,14.612650251573632,15.171666888731627,-0.5590166371579954,8.906198525986843,5.5009450836508025,3.4052534423360408,5.014398331049356,1.6679420446809041,3.3464562863684515,15.2820524168142,13.630202563668213,USDT
march_vol_2024_binance,binance,derivatives,BTC,11.32944680286321,12.235063375253633,-0.9056165723904233,5.191599405872228,5.712572509812829,-0.5209731039406007,2.141550001441991,2.142812359534469,-0.0012623580924779887,4.967223504646563,5.1499207472998725,indeterminate
okx_usdc_depeg_2023,okx,derivatives,BTC,7.451211331117292,11.044616490631833,-3.5934051595145418,3.4853105626647984,5.828338482444102,-2.3430279197793036,2.2664903285220994,2.280759442467641,-0.014269113945541534,6.850340532126662,6.967685796364967,indeterminate
okx_usdc_depeg_2023,okx,derivatives,ETH,9.460290306382982,12.527317404454191,-3.0670270980712093,5.870247801784543,6.765884807288665,-0.8956370055041223,3.7242510414713745,2.3105249229085736,1.413726118562801,8.466428240375059,8.190720348140928,USDT
yen_followthrough_2024_binance,binance,derivatives,BTC,11.46353629914708,12.395514821860495,-0.9319785227134147,4.747914606066344,5.179330860719361,-0.4314162546530165,1.8698764488122557,1.9249026643650387,-0.055026215552782975,6.988409049444912,7.0584660469376,USDC
yen_unwind_2024_binance,binance,derivatives,BTC,27.370990736259408,28.449761662869403,-1.0787709266099945,9.190228809005843,10.025472491879002,-0.8352436828731591,1.5578220035313604,1.6051398376879054,-0.047317834156545,12.538414069277888,12.844881197222909,indeterminate
