episode,onchain_data_ratio,onchain_usdc_minus_1_abs_mean,onchain_usdt_minus_1_abs_mean,onchain_divergence_abs_mean,onchain_depeg_count,combined_depeg_count
bybit_usdc_depeg_2023,1.0,0.0012204149999999504,0.001549999999999895,0.03199542837430682,1436,1517
march_vol_2024_binance,1.0,0.0006934999999999972,0.0007994999999998998,0.00042238404885550784,1436,1436
okx_usdc_depeg_2023,1.0,0.000819641666666632,0.001066666666666593,0.005697539253795168,956,962
yen_followthrough_2024_binance,1.0,0.002499999999999899,0.0030934999999999995,0.0006059431584166721,0,0
yen_unwind_2024_binance,1.0,0.0,0.0009999999999997999,0.0006878676922997501,0,0
