episode,sharpe_gated,sharpe_naive,pnl_net_gated,pnl_net_naive,max_drawdown_gated,max_drawdown_naive,turnover_gated,turnover_naive,flip_rate_gated,flip_rate_naive,active_ratio_gated,active_ratio_naive,hit_rate_gated,hit_rate_naive
bybit_usdc_depeg_2023,0.0,-9.945732186615286,0.0,-0.0384657200706877,0.0,-0.1461911963378271,0.0,7.0,0.0048611111111111,0.0027777777777777,0.0,0.5444444444444444,0.0,0.2711805555555555
march_vol_2024_binance,14.10664912297509,182.36915905925085,-0.0003218153992032,-0.0029875442871664,-0.002109659472888,-0.003687781771947,74.0,118.0,0.028125,0.0413194444444444,0.3645833333333333,0.0458333333333333,0.1854166666666666,0.0274305555555555
okx_usdc_depeg_2023,57.9619924688678,69.37236614798093,0.0136567931299889,0.2401496842948248,-0.0047857324882203,-0.1256068172382117,40.0,492.0,0.0145833333333333,0.1621527777777777,0.0663194444444444,0.2878472222222222,0.0364583333333333,0.1809027777777777
yen_followthrough_2024_binance,9.02363603232526,0.0,-0.0017389124612099,0.0,-0.0021623662582356,0.0,60.0,0.0,0.0236111111111111,0.0003472222222222,0.2684027777777777,0.0,0.1354166666666666,0.0
yen_unwind_2024_binance,12.040132578660002,162.23425603746765,0.0010086768543715,0.0300228150691567,-0.001981151756762,-0.0004100381871981,64.0,12.0,0.0253472222222222,0.0045138888888888,0.4652777777777778,0.0086805555555555,0.2329861111111111,0.0055555555555555
