,sharpe,sharpe_full_annualized,sharpe_active,sharpe_active_annualized,max_drawdown,turnover,pnl_net,flip_rate,hit_rate,active_ratio,avg_active_position_size,position_flip_rate,avg_holding_bars,n_bars,n_active_bars,horizon_days,annualization_factor,cost_bps_applied_mean,edge_net_trade_median_bps,edge_net_trade_p10_bps,optimal_size_trade_mean,break_even_premium_median_bps
naive,-0.01026168876920276,-7.4420947839993765,-0.013771221426467818,-9.987316654428108,-0.14669396148157077,1.0,-0.038609914661425174,0.0024313997915943034,0.497171590194846,0.5524305555555555,1.0,0.0003473428273706148,796.5,2880,1591,1.9993055555555554,725.2309976828072,1.0,,,,
gated,0.0,0.0,0.0,0.0,0.0,0.0,0.0,0.0010420284821118443,0.0,0.0,0.0,0.0,0.0,2880,0,1.9993055555555554,725.2309976828072,1.0894982283106691,,,0.0,
