,sharpe,sharpe_full_annualized,sharpe_active,sharpe_active_annualized,max_drawdown,turnover,pnl_net,flip_rate,hit_rate,active_ratio,avg_active_position_size,position_flip_rate,avg_holding_bars,n_bars,n_active_bars,horizon_days,annualization_factor
naive,0.023971168751729895,17.384634629440004,0.2788227286205289,202.2108856541088,-0.0005107208765071647,8.0,0.0025504659652212606,0.0034734282737061478,0.5806451612903226,0.010763888888888889,1.0,0.0027787426189649182,7.193548387096774,2880,31,1.9993055555555554,725.2309976828072
gated,0.004262376541121253,3.091207591417159,0.07476203498963539,54.21974522433022,-0.00010662595249267344,2.765844504341038,5.877483548450305e-05,0.005904828065300452,0.5245901639344263,0.021180555555555557,0.1303628945538467,0.019451198332754428,6.657894736842105,2880,61,1.9993055555555554,725.2309976828072
